{
    "loss": 0.02777562476694584,
    "accuracy": 0.9857142567634583
}