{
    "loss": 0.02782943844795227,
    "accuracy": 0.9857142567634583
}